0,-0.10059896111488342
1,0.0481724888086319
2,0.08685974776744843
3,0.11374965310096741
4,0.11952526122331619
5,0.04591060057282448
6,0.04894997552037239
7,0.011820601299405098
8,0.024485962465405464
9,0.00657154805958271
10,0.010696260258555412
11,0.008200952783226967
12,0.007286846172064543
13,0.0033389346208423376
14,0.0006914997356943786
15,0.0002556909457780421
16,0.0009510718518868089
17,0.006660927552729845
18,-0.0003938876325264573
19,0.007810591720044613
20,0.02110358141362667
21,0.005378724541515112
22,0.017803648486733437
23,0.018258381634950638
24,0.017700476571917534
25,0.01824009418487549
26,0.018613548949360847
27,0.011916382238268852
28,0.014309658668935299
29,0.026192666962742805
30,0.010365170426666737
31,0.009975765831768513
32,0.025104256346821785
33,0.04894676059484482
34,0.019302619621157646
35,0.02816152572631836
36,0.019757291302084923
37,0.029696909710764885
38,0.025487015023827553
39,0.03452270105481148
40,0.020598767325282097
41,0.027990039438009262
42,0.026439517736434937
43,0.025774389505386353
44,0.02343260869383812
45,0.032028310000896454
46,0.03588656336069107
47,0.03559257090091705
48,0.02186419628560543
49,0.04465637728571892
50,0.03649885207414627
51,0.033161357045173645
52,0.03255905583500862
53,0.028519850224256516
54,0.027204954996705055
55,0.03184784576296806
56,0.03716635704040527
57,0.04275338724255562
58,0.050339389592409134
59,0.03379993140697479
60,0.03735789656639099
61,0.04672139510512352
62,0.033203206956386566
63,0.0393749363720417
64,0.03234906122088432
65,0.057662952691316605
66,0.07246550172567368
67,0.026650546118617058
68,0.04636092856526375
69,0.037746235728263855
70,0.03313702344894409
71,0.025404369458556175
72,0.04105357825756073
73,0.045360393822193146
74,0.06023598462343216
75,0.04610513895750046
76,0.06279348582029343
77,0.03236352279782295
78,0.06603357940912247
79,0.07733796536922455
80,0.07629309594631195
81,0.056104350835084915
82,0.04515950754284859
83,0.0518372468650341
84,0.09582488983869553
85,0.08556906878948212
86,0.062440332025289536
87,0.07921978086233139
88,0.05520537868142128
89,0.09632742404937744
90,0.06899368762969971
91,0.0465569794178009
92,0.02786100283265114
93,0.03165985271334648
94,0.029777763411402702
95,0.04379749670624733
96,0.02932797186076641
97,0.02491789124906063
98,0.020534344017505646
99,0.04123678058385849
100,0.0316786952316761
101,0.038807738572359085
102,0.04040544480085373
103,0.030985020101070404
104,0.036706287413835526
105,0.08697343617677689
106,0.057442981749773026
107,0.046395476907491684
108,0.030065691098570824
109,0.04288481920957565
110,0.030596431344747543
111,0.040128860622644424
112,0.04394059255719185
113,0.07218800485134125
114,0.020312538370490074
115,0.045836079865694046
116,0.031327180564403534
117,0.029410243034362793
118,0.012724380940198898
119,0.01958574168384075
120,0.03409659489989281
121,0.06634580343961716
122,0.06141938269138336
123,0.03104221262037754
124,0.02808971330523491
125,0.01071461383253336
126,0.03502888232469559
127,0.03868045285344124
128,0.03955917805433273
129,0.04390058293938637
130,0.05398811772465706
131,0.024071067571640015
132,0.054735925048589706
133,0.04278157651424408
134,0.050908029079437256
135,0.05235448107123375
136,0.05029246583580971
137,0.04246891289949417
138,0.0465027317404747
139,0.08124449849128723
140,0.04598741978406906
141,0.04089781641960144
142,0.08266688883304596
143,0.05549612641334534
144,0.04038320854306221
145,0.034743938595056534
146,0.060551855713129044
147,0.03623168542981148
148,0.026552485302090645
149,0.037323638796806335
150,0.0271526537835598
151,0.02941814810037613
152,0.07273899018764496
153,0.034830447286367416
154,0.037808991968631744
155,0.07630924135446548
156,0.05948053300380707
157,0.06532389670610428
158,0.09010442346334457
159,0.07997085899114609
160,0.025507865473628044
161,0.05851089581847191
162,0.11432317644357681
163,0.17394551634788513
164,0.06547711044549942
165,0.005871855653822422
166,0.03720517084002495
167,0.025770489126443863
168,0.021522199735045433
169,0.04296567663550377
170,0.03125143423676491
171,0.022541727870702744
172,0.07596902549266815
173,0.06022168695926666
174,-1.315772533416748
175,0.07671856880187988
176,-0.4393329918384552
177,0.11259502172470093
178,0.027467230334877968
179,0.07581600546836853
180,-0.2641162872314453
181,0.06349225342273712
182,0.014746657572686672
183,0.04766114801168442
184,0.16200488805770874
185,0.09955345094203949
186,-0.3864191770553589
187,0.060584526509046555
188,0.06803897768259048
189,0.07287203520536423
190,0.0352051667869091
191,0.07037481665611267
192,0.04224606230854988
193,0.03813569247722626
194,0.04162720963358879
195,0.04062383249402046
196,0.055835142731666565
197,0.05414609611034393
198,0.12606386840343475
199,0.06552239507436752
200,0.07459669560194016
201,0.07846985757350922
202,0.08575906604528427
203,0.053358323872089386
204,0.20660226047039032
205,0.11024009436368942
206,0.10505922883749008
207,0.09745108336210251
208,0.05209708958864212
209,0.0694296583533287
210,0.040853384882211685
211,0.11643718928098679
212,0.05337588116526604
213,0.05145391449332237
214,0.0527438186109066
215,0.06073518097400665
216,0.05596546828746796
217,0.09081428498029709
218,0.03438521921634674
219,0.09756434708833694
220,0.1443665474653244
221,0.061869535595178604
222,0.09447675943374634
223,0.06963718682527542
224,0.03579781949520111
225,0.07662998884916306
226,0.21060258150100708
227,0.0818166509270668
228,0.14885878562927246
229,0.14144526422023773
230,0.0768747478723526
231,0.05530490353703499
232,0.07229147106409073
233,0.044046733528375626
234,0.028670834377408028
235,0.08673849701881409
236,0.08371607214212418
237,0.07830937951803207
238,0.09214704483747482
239,0.07037578523159027
240,0.08091423660516739
241,0.14610528945922852
242,0.06608298420906067
243,0.03799406811594963
244,0.09852553904056549
245,0.09893571585416794
246,0.10425470769405365
247,0.012076153419911861
248,0.05958642438054085
249,0.06838244944810867
250,0.09282050281763077
251,0.04879583418369293
252,0.06860078126192093
253,0.035650767385959625
254,0.014397639781236649
255,0.014863708056509495
256,0.030495986342430115
257,0.04363180696964264
258,0.024539876729249954
259,0.08445710688829422
260,0.03598126396536827
261,0.06761276721954346
262,0.10416010022163391
263,0.14133459329605103
264,0.12954466044902802
265,-0.007050940301269293
266,0.03160346299409866
267,0.037457115948200226
268,0.04933613911271095
269,0.03711952269077301
270,0.007076810114085674
271,0.09270709753036499
272,0.10458354651927948
273,0.08871012181043625
274,0.09860564023256302
275,0.10798507928848267
276,0.03462687134742737
277,0.029641062021255493
278,0.046960409730672836
279,0.08320333808660507
280,0.06939906626939774
281,0.07296908646821976
282,0.032709840685129166
283,0.09854836016893387
284,0.048367395997047424
285,0.10777855664491653
286,0.06240880861878395
287,0.14168615639209747
288,0.08452251553535461
289,0.18386417627334595
290,0.059306658804416656
291,0.057463712990283966
292,0.08458827435970306
293,0.1128893494606018
294,0.02935386635363102
295,0.02556937001645565
296,0.03071262501180172
297,0.06601721793413162
298,0.11005007475614548
299,0.11524125933647156
300,0.09727045893669128
301,0.10064312070608139
302,0.07151370495557785
303,0.10893489420413971
304,0.1093713641166687
305,0.051056183874607086
306,0.08644255250692368
307,0.08003440499305725
308,0.08152121305465698
309,0.09020388871431351
310,0.13913576304912567
311,0.12478349357843399
312,0.04147913679480553
313,0.0746476948261261
314,0.09213578701019287
315,0.03618290275335312
316,0.03482849523425102
317,0.013097791001200676
318,0.03559201955795288
319,0.02868993766605854
320,0.0343080572783947
321,0.041375476866960526
322,0.02498001605272293
323,0.04846994951367378
324,0.05408318340778351
325,0.05099864304065704
326,0.05620905011892319
327,0.0829363539814949
328,0.031838558614254
329,0.09229488670825958
330,0.05432305857539177
331,0.10415977984666824
332,0.014125589281320572
333,0.0313999243080616
334,0.1141759604215622
335,0.04926310107111931
336,0.0717969685792923
337,0.15560629963874817
338,0.005360396578907967
339,0.11095260083675385
340,-0.0046859970316290855
341,0.06060293689370155
342,0.026281706988811493
343,0.02106313966214657
344,0.026229558512568474
345,0.13416999578475952
346,0.1452416479587555
347,0.08368336409330368
348,0.02295326255261898
349,0.016947640106081963
350,0.024380674585700035
351,0.04339931905269623
352,0.07898576557636261
353,0.01018337719142437
354,0.05579770728945732
355,0.04428604245185852
356,0.02408207580447197
357,0.09910275787115097
358,-0.031573738902807236
359,0.03864114359021187
360,0.0925823301076889
361,0.08675649017095566
362,0.04079410433769226
363,0.1041044369339943
364,0.06363756209611893
365,0.06360778212547302
366,0.03890790417790413
367,0.09676264971494675
368,0.08086438477039337
369,0.016596879810094833
370,0.028225978836417198
371,0.12796708941459656
372,0.03517007827758789
373,0.027276987209916115
374,0.09331036359071732
375,0.0656537115573883
376,0.013252350501716137
377,0.04266194626688957
378,0.018191765993833542
379,0.030579131096601486
380,0.07536012679338455
381,0.014527042396366596
382,0.07700612396001816
383,0.0530829131603241
384,0.07158717513084412
385,0.07340743392705917
386,0.12419033795595169
387,0.0745856836438179
388,0.04195471480488777
389,0.032805852591991425
390,0.06657327711582184
391,0.036728087812662125
392,0.03113638423383236
393,0.07765024900436401
394,0.1336423009634018
395,0.03275495022535324
396,0.019776174798607826
397,0.04349237680435181
398,0.07815874367952347
399,0.024080581963062286
400,0.06279347091913223
401,0.09551293402910233
402,0.039067529141902924
403,0.04556166008114815
404,0.03692653402686119
405,0.02352365292608738
406,0.04601810500025749
407,0.04053303971886635
408,0.05266091972589493
409,0.07269343733787537
410,0.02666870690882206
411,0.0750667154788971
412,0.1414112150669098
413,0.032618679106235504
414,0.026709062978625298
415,0.025967629626393318
416,0.0593617707490921
417,0.05719904974102974
418,0.038679782301187515
419,0.039471741765737534
420,0.02762647345662117
421,0.03902682662010193
422,0.01960841938853264
423,0.022525589913129807
424,0.03290276229381561
425,0.03506912663578987
426,0.01822049170732498
427,0.033464737236499786
428,-0.02100023441016674
429,0.02798948809504509
430,0.04839188605546951
431,0.015167578123509884
432,0.032768625766038895
433,0.04100928083062172
434,0.061246421188116074
435,0.06124851852655411
436,0.03738510236144066
437,0.06684143841266632
438,0.0370793417096138
439,0.05298086255788803
440,0.10994235426187515
441,0.03888987377285957
442,0.03539881482720375
443,0.054762210696935654
444,0.12629131972789764
445,0.09498786181211472
446,0.04639296978712082
447,0.019437110051512718
448,0.10716062039136887
449,0.023496659472584724
450,0.022555576637387276
451,0.06829096376895905
452,0.015905141830444336
453,0.07922472059726715
454,0.08302641659975052
455,0.06439854204654694
456,0.029489632695913315
457,0.07870381325483322
458,0.06095561385154724
459,0.011291000992059708
460,0.031874001026153564
461,0.046403925865888596
462,0.04281231388449669
463,0.04594612121582031
464,0.022059157490730286
465,0.0381082147359848
466,0.02334083802998066
467,0.05194004625082016
468,0.06411435455083847
469,-0.6843973994255066
470,0.050071559846401215
471,0.009927157312631607
472,0.029308702796697617
473,0.0365510918200016
474,0.04988107085227966
475,0.01978296972811222
476,0.05722995847463608
477,0.0634307935833931
478,0.046837322413921356
479,0.05131623521447182
480,0.04306398704648018
481,0.04822361841797829
482,0.04199152812361717
483,0.04855811968445778
484,0.024381445720791817
485,0.050486449152231216
486,0.06643510609865189
487,0.029288217425346375
488,0.04497611150145531
489,0.02215365506708622
490,0.023326613008975983
491,0.04269895330071449
492,0.02871163748204708
493,0.02605554647743702
494,0.01705498807132244
495,0.02266872301697731
496,0.0440455786883831
497,0.032827772200107574
498,0.05087541788816452
499,0.05311567336320877
